id,0
WT1,0,256.5663
WT1,1,304.34607
WT1,2,237.85129
WT1,3,9.898222
WT1,4,3.9184504
WT1,5,122.35113
WT1,6,174.69164
WT1,7,126.81028
WT1,8,152.50708
WT1,9,148.70665
WT1,10,185.97313
WT1,11,170.602
WT1,12,800.334
WT1,13,194.27794
WT1,14,721.04285
WT1,15,782.1677
WT1,16,1056.5951
WT1,17,586.94305
WT1,18,476.2426
WT1,19,648.6938
WT1,20,1124.5259
WT1,21,885.74915
WT1,22,1996.8611
WT1,23,2161.3398
WT1,24,2373.3542
WT1,25,2896.2085
WT1,26,3624.255
WT1,27,4719.83
WT1,28,5583.696
WT1,29,6915.461
WT1,30,7669.88
WT1,31,5780.812
WT1,32,7061.179
WT1,33,7481.039
WT1,34,7087.8613
WT1,35,5965.749
WT1,36,6497.38
WT1,37,5142.193
WT1,38,6163.594
WT1,39,5942.325
WT1,40,4323.7305
WT1,41,3338.797
WT1,42,2169.054
WT1,43,1489.5806
WT1,44,779.5608
WT1,45,866.36884
WT1,46,609.2626
WT1,47,567.7141
WT1,48,606.85706
WT1,49,1000.16486
WT1,50,868.34454
WT1,51,972.9264
WT1,52,710.8287
WT1,53,960.6014
WT1,54,1205.3798
WT1,55,1324.4448
WT1,56,1163.3945
WT1,57,733.1111
WT1,58,403.08545
WT1,59,159.96928
WT1,60,198.83583
WT1,61,323.77646
WT1,62,279.76328
WT1,63,424.08746
WT1,64,252.27777
WT1,65,194.76227
WT1,66,232.9613
WT1,67,238.49574
WT1,68,285.67737
WT1,69,390.05508
WT1,70,463.67807
WT1,71,449.12302
WT1,72,607.7515
WT1,73,1009.79517
WT1,74,985.2593
WT1,75,2060.5906
WT1,76,4087.6792
WT1,77,5353.16
WT1,78,7409.7026
WT1,79,10174.721
WT1,80,11628.382
WT1,81,12329.151
WT1,82,11712.949
WT1,83,10139.979
WT1,84,9518.056
WT1,85,10874.321
WT1,86,13736.291
WT1,87,15336.811
WT1,88,13533.249
WT1,89,10721.066
WT1,90,9518.235
WT1,91,10074.289
WT1,92,11241.048
WT1,93,11469.162
WT1,94,12044.327
WT1,95,12774.053
WT1,96,7687.378
WT1,97,351.8253
WT1,98,1306.5367
WT1,99,12531.397
WT1,100,19194.668
WT1,101,18357.129
WT1,102,17403.277
WT1,103,15459.925
WT1,104,12246.788
WT1,105,10600.121
WT1,106,11031.018
WT1,107,11961.958
WT1,108,12593.385
WT1,109,11785.066
WT1,110,10636.667
WT1,111,9388.336
WT1,112,8362.761
WT1,113,7357.103
WT1,114,6522.8457
WT1,115,5895.653
WT1,116,5362.2275
WT1,117,4962.2324
WT1,118,4676.855
WT1,119,4375.759
WT1,120,4292.345
WT1,121,3302.8125
WT1,122,2655.3
WT1,123,2201.1228
WT1,124,2113.7727
WT1,125,2245.6462
WT1,126,2535.688
WT1,127,2645.4
WT1,128,2787.6794
WT1,129,2867.413
WT1,130,3081.1147
WT1,131,3270.014
WT1,132,3446.7405
WT1,133,3286.9143
WT1,134,2961.4536
WT1,135,2688.3271
WT1,136,2529.2966
WT1,137,2356.866
WT1,138,2139.9875
WT1,139,1917.1412
WT1,140,1793.6353
WT1,141,1644.8634
WT1,142,1407.6533
WT1,143,1132.9343
WT1,144,931.0847
WT1,145,850.4654
WT1,146,828.04926
WT1,147,817.98346
WT1,148,828.8177
WT1,149,834.3319
WT1,150,850.6921
WT1,151,857.66626
WT1,152,832.0283
WT1,153,701.1065
WT1,154,456.0362
WT1,155,233.92062
WT1,156,141.9846
WT1,157,107.22151
WT1,158,113.64947
WT1,159,122.21174
WT1,160,161.81375
WT1,161,227.75021
WT1,162,249.53633
WT1,163,197.08945
WT1,164,122.85485
WT1,165,55.26617
WT1,166,15.2639065
WT1,167,0.7598064
WT2,0,256.5663
WT2,1,298.22842
WT2,2,261.4415
WT2,3,12.929464
WT2,4,7.354017
WT2,5,140.06433
WT2,6,199.8668
WT2,7,140.75081
WT2,8,140.99792
WT2,9,157.60745
WT2,10,189.09941
WT2,11,160.6944
WT2,12,1048.4784
WT2,13,148.40497
WT2,14,701.99945
WT2,15,888.75476
WT2,16,1087.428
WT2,17,592.39026
WT2,18,459.5857
WT2,19,600.1285
WT2,20,995.8082
WT2,21,813.8922
WT2,22,1572.0831
WT2,23,1645.5374
WT2,24,2276.3276
WT2,25,2646.791
WT2,26,3460.075
WT2,27,4264.269
WT2,28,5488.593
WT2,29,7147.0264
WT2,30,7374.4946
WT2,31,5942.364
WT2,32,7511.166
WT2,33,7201.4497
WT2,34,6938.473
WT2,35,5304.2134
WT2,36,6113.7847
WT2,37,5233.104
WT2,38,5940.9463
WT2,39,5388.051
WT2,40,4138.2104
WT2,41,3354.435
WT2,42,2053.7075
WT2,43,1264.6624
WT2,44,755.1146
WT2,45,905.2302
WT2,46,607.40204
WT2,47,598.09467
WT2,48,584.3475
WT2,49,936.0711
WT2,50,857.219
WT2,51,995.0995
WT2,52,710.8287
WT2,53,960.6014
WT2,54,1205.3798
WT2,55,1324.4448
WT2,56,1163.3945
WT2,57,733.1111
WT2,58,403.08545
WT2,59,159.96928
WT2,60,198.83583
WT2,61,323.77646
WT2,62,279.76328
WT2,63,424.08746
WT2,64,252.27777
WT2,65,194.76227
WT2,66,232.9613
WT2,67,238.49574
WT2,68,285.67737
WT2,69,390.05508
WT2,70,463.67807
WT2,71,449.12302
WT2,72,607.7515
WT2,73,1009.79517
WT2,74,985.2593
WT2,75,2060.5906
WT2,76,4087.6792
WT2,77,5353.16
WT2,78,7409.7026
WT2,79,10174.721
WT2,80,11628.382
WT2,81,12329.151
WT2,82,11712.949
WT2,83,10139.979
WT2,84,9518.056
WT2,85,10874.321
WT2,86,13736.291
WT2,87,15336.811
WT2,88,13533.249
WT2,89,10721.066
WT2,90,9518.235
WT2,91,10074.289
WT2,92,11241.048
WT2,93,11469.162
WT2,94,12044.327
WT2,95,12774.053
WT2,96,7687.378
WT2,97,351.8253
WT2,98,1306.5367
WT2,99,12531.397
WT2,100,19194.668
WT2,101,18357.129
WT2,102,17403.277
WT2,103,15459.925
WT2,104,12246.788
WT2,105,10600.121
WT2,106,11031.018
WT2,107,11961.958
WT2,108,12593.385
WT2,109,11785.066
WT2,110,10636.667
WT2,111,9388.336
WT2,112,8362.761
WT2,113,7357.103
WT2,114,6522.8457
WT2,115,5895.653
WT2,116,5362.2275
WT2,117,4962.2324
WT2,118,4676.855
WT2,119,4375.759
WT2,120,4292.345
WT2,121,3302.8125
WT2,122,2655.3
WT2,123,2201.1228
WT2,124,2113.7727
WT2,125,2245.6462
WT2,126,2535.688
WT2,127,2645.4
WT2,128,2787.6794
WT2,129,2867.413
WT2,130,3081.1147
WT2,131,3270.014
WT2,132,3446.7405
WT2,133,3286.9143
WT2,134,2961.4536
WT2,135,2688.3271
WT2,136,2529.2966
WT2,137,2356.866
WT2,138,2139.9875
WT2,139,1917.1412
WT2,140,1793.6353
WT2,141,1644.8634
WT2,142,1407.6533
WT2,143,1132.9343
WT2,144,931.0847
WT2,145,850.4654
WT2,146,828.04926
WT2,147,817.98346
WT2,148,828.8177
WT2,149,834.3319
WT2,150,850.6921
WT2,151,857.66626
WT2,152,832.0283
WT2,153,701.1065
WT2,154,456.0362
WT2,155,233.92062
WT2,156,141.9846
WT2,157,107.22151
WT2,158,113.64947
WT2,159,122.21174
WT2,160,161.81375
WT2,161,227.75021
WT2,162,249.53633
WT2,163,197.08945
WT2,164,122.85485
WT2,165,55.26617
WT2,166,15.2639065
WT2,167,0.7598064
WT3,0,256.5663
WT3,1,298.22842
WT3,2,261.4415
WT3,3,12.929464
WT3,4,7.354017
WT3,5,140.06433
WT3,6,199.8668
WT3,7,140.75081
WT3,8,140.99792
WT3,9,157.60745
WT3,10,189.09941
WT3,11,160.6944
WT3,12,1048.4784
WT3,13,148.40497
WT3,14,701.99945
WT3,15,888.75476
WT3,16,1087.428
WT3,17,592.39026
WT3,18,459.5857
WT3,19,600.1285
WT3,20,995.8082
WT3,21,813.8922
WT3,22,1572.0831
WT3,23,1645.5374
WT3,24,2276.3276
WT3,25,2646.791
WT3,26,3460.075
WT3,27,4264.269
WT3,28,5488.593
WT3,29,7147.0264
WT3,30,7374.4946
WT3,31,5942.364
WT3,32,7511.166
WT3,33,7201.4497
WT3,34,6938.473
WT3,35,5304.2134
WT3,36,6113.7847
WT3,37,5233.104
WT3,38,5940.9463
WT3,39,5388.051
WT3,40,4138.2104
WT3,41,3354.435
WT3,42,2053.7075
WT3,43,1264.6624
WT3,44,755.1146
WT3,45,905.2302
WT3,46,607.40204
WT3,47,598.09467
WT3,48,584.3475
WT3,49,936.0711
WT3,50,857.219
WT3,51,995.0995
WT3,52,710.8287
WT3,53,960.6014
WT3,54,1205.3798
WT3,55,1324.4448
WT3,56,1163.3945
WT3,57,733.1111
WT3,58,403.08545
WT3,59,159.96928
WT3,60,198.83583
WT3,61,323.77646
WT3,62,279.76328
WT3,63,424.08746
WT3,64,252.27777
WT3,65,194.76227
WT3,66,232.9613
WT3,67,238.49574
WT3,68,285.67737
WT3,69,390.05508
WT3,70,463.67807
WT3,71,449.12302
WT3,72,607.7515
WT3,73,1009.79517
WT3,74,985.2593
WT3,75,2060.5906
WT3,76,4087.6792
WT3,77,5353.16
WT3,78,7409.7026
WT3,79,10174.721
WT3,80,11628.382
WT3,81,12329.151
WT3,82,11712.949
WT3,83,10139.979
WT3,84,9518.056
WT3,85,10874.321
WT3,86,13736.291
WT3,87,15336.811
WT3,88,13533.249
WT3,89,10721.066
WT3,90,9518.235
WT3,91,10074.289
WT3,92,11241.048
WT3,93,11469.162
WT3,94,12044.327
WT3,95,12774.053
WT3,96,7687.378
WT3,97,351.8253
WT3,98,1306.5367
WT3,99,12531.397
WT3,100,19194.668
WT3,101,18357.129
WT3,102,17403.277
WT3,103,15459.925
WT3,104,12246.788
WT3,105,10600.121
WT3,106,11031.018
WT3,107,11961.958
WT3,108,12593.385
WT3,109,11785.066
WT3,110,10636.667
WT3,111,9388.336
WT3,112,8362.761
WT3,113,7357.103
WT3,114,6522.8457
WT3,115,5895.653
WT3,116,5362.2275
WT3,117,4962.2324
WT3,118,4676.855
WT3,119,4375.759
WT3,120,4292.345
WT3,121,3302.8125
WT3,122,2655.3
WT3,123,2201.1228
WT3,124,2113.7727
WT3,125,2245.6462
WT3,126,2535.688
WT3,127,2645.4
WT3,128,2787.6794
WT3,129,2867.413
WT3,130,3081.1147
WT3,131,3270.014
WT3,132,3446.7405
WT3,133,3286.9143
WT3,134,2961.4536
WT3,135,2688.3271
WT3,136,2529.2966
WT3,137,2356.866
WT3,138,2139.9875
WT3,139,1917.1412
WT3,140,1793.6353
WT3,141,1644.8634
WT3,142,1407.6533
WT3,143,1132.9343
WT3,144,931.0847
WT3,145,850.4654
WT3,146,828.04926
WT3,147,817.98346
WT3,148,828.8177
WT3,149,834.3319
WT3,150,850.6921
WT3,151,857.66626
WT3,152,832.0283
WT3,153,701.1065
WT3,154,456.0362
WT3,155,233.92062
WT3,156,141.9846
WT3,157,107.22151
WT3,158,113.64947
WT3,159,122.21174
WT3,160,161.81375
WT3,161,227.75021
WT3,162,249.53633
WT3,163,197.08945
WT3,164,122.85485
WT3,165,55.26617
WT3,166,15.2639065
WT3,167,0.7598064
WT4,0,256.5663
WT4,1,298.22842
WT4,2,261.4415
WT4,3,12.929464
WT4,4,7.354017
WT4,5,140.06433
WT4,6,199.8668
WT4,7,140.75081
WT4,8,140.99792
WT4,9,157.60745
WT4,10,189.09941
WT4,11,160.6944
WT4,12,1048.4784
WT4,13,148.40497
WT4,14,701.99945
WT4,15,888.75476
WT4,16,1087.428
WT4,17,592.39026
WT4,18,459.5857
WT4,19,600.1285
WT4,20,995.8082
WT4,21,813.8922
WT4,22,1572.0831
WT4,23,1645.5374
WT4,24,2276.3276
WT4,25,2646.791
WT4,26,3460.075
WT4,27,4264.269
WT4,28,5488.593
WT4,29,7147.0264
WT4,30,7374.4946
WT4,31,5942.364
WT4,32,7511.166
WT4,33,7201.4497
WT4,34,6938.473
WT4,35,5304.2134
WT4,36,6113.7847
WT4,37,5233.104
WT4,38,5940.9463
WT4,39,5388.051
WT4,40,4138.2104
WT4,41,3354.435
WT4,42,2053.7075
WT4,43,1264.6624
WT4,44,755.1146
WT4,45,905.2302
WT4,46,607.40204
WT4,47,598.09467
WT4,48,584.3475
WT4,49,936.0711
WT4,50,857.219
WT4,51,995.0995
WT4,52,710.8287
WT4,53,960.6014
WT4,54,1205.3798
WT4,55,1324.4448
WT4,56,1163.3945
WT4,57,733.1111
WT4,58,403.08545
WT4,59,159.96928
WT4,60,198.83583
WT4,61,323.77646
WT4,62,279.76328
WT4,63,424.08746
WT4,64,252.27777
WT4,65,194.76227
WT4,66,232.9613
WT4,67,238.49574
WT4,68,285.67737
WT4,69,390.05508
WT4,70,463.67807
WT4,71,449.12302
WT4,72,607.7515
WT4,73,1009.79517
WT4,74,985.2593
WT4,75,2060.5906
WT4,76,4087.6792
WT4,77,5353.16
WT4,78,7409.7026
WT4,79,10174.721
WT4,80,11628.382
WT4,81,12329.151
WT4,82,11712.949
WT4,83,10139.979
WT4,84,9518.056
WT4,85,10874.321
WT4,86,13736.291
WT4,87,15336.811
WT4,88,13533.249
WT4,89,10721.066
WT4,90,9518.235
WT4,91,10074.289
WT4,92,11241.048
WT4,93,11469.162
WT4,94,12044.327
WT4,95,12774.053
WT4,96,7687.378
WT4,97,351.8253
WT4,98,1306.5367
WT4,99,12531.397
WT4,100,19194.668
WT4,101,18357.129
WT4,102,17403.277
WT4,103,15459.925
WT4,104,12246.788
WT4,105,10600.121
WT4,106,11031.018
WT4,107,11961.958
WT4,108,12593.385
WT4,109,11785.066
WT4,110,10636.667
WT4,111,9388.336
WT4,112,8362.761
WT4,113,7357.103
WT4,114,6522.8457
WT4,115,5895.653
WT4,116,5362.2275
WT4,117,4962.2324
WT4,118,4676.855
WT4,119,4375.759
WT4,120,4292.345
WT4,121,3302.8125
WT4,122,2655.3
WT4,123,2201.1228
WT4,124,2113.7727
WT4,125,2245.6462
WT4,126,2535.688
WT4,127,2645.4
WT4,128,2787.6794
WT4,129,2867.413
WT4,130,3081.1147
WT4,131,3270.014
WT4,132,3446.7405
WT4,133,3286.9143
WT4,134,2961.4536
WT4,135,2688.3271
WT4,136,2529.2966
WT4,137,2356.866
WT4,138,2139.9875
WT4,139,1917.1412
WT4,140,1793.6353
WT4,141,1644.8634
WT4,142,1407.6533
WT4,143,1132.9343
WT4,144,931.0847
WT4,145,850.4654
WT4,146,828.04926
WT4,147,817.98346
WT4,148,828.8177
WT4,149,834.3319
WT4,150,850.6921
WT4,151,857.66626
WT4,152,832.0283
WT4,153,701.1065
WT4,154,456.0362
WT4,155,233.92062
WT4,156,141.9846
WT4,157,107.22151
WT4,158,113.64947
WT4,159,122.21174
WT4,160,161.81375
WT4,161,227.75021
WT4,162,249.53633
WT4,163,197.08945
WT4,164,122.85485
WT4,165,55.26617
WT4,166,15.2639065
WT4,167,0.7598064
WT5,0,240.50974
WT5,1,294.91895
WT5,2,259.8555
WT5,3,11.121147
WT5,4,16.880121
WT5,5,137.20642
WT5,6,224.73042
WT5,7,170.23135
WT5,8,174.75215
WT5,9,152.24628
WT5,10,179.69258
WT5,11,145.97224
WT5,12,1184.7384
WT5,13,148.67445
WT5,14,673.3656
WT5,15,1003.4108
WT5,16,989.6824
WT5,17,592.4605
WT5,18,444.8876
WT5,19,579.0303
WT5,20,1054.7151
WT5,21,818.5085
WT5,22,1357.2853
WT5,23,1382.8666
WT5,24,2128.0227
WT5,25,2394.0435
WT5,26,2837.066
WT5,27,3034.7554
WT5,28,4833.02
WT5,29,6523.6997
WT5,30,5684.399
WT5,31,5581.0796
WT5,32,6824.118
WT5,33,4680.6294
WT5,34,5357.2183
WT5,35,4489.8164
WT5,36,4997.211
WT5,37,4814.216
WT5,38,5556.955
WT5,39,4621.844
WT5,40,4096.7456
WT5,41,3129.1265
WT5,42,1695.0114
WT5,43,1209.7544
WT5,44,750.6429
WT5,45,918.78754
WT5,46,651.1215
WT5,47,657.44116
WT5,48,622.5246
WT5,49,846.7865
WT5,50,818.0613
WT5,51,917.70844
WT5,52,655.56964
WT5,53,752.59235
WT5,54,1116.2306
WT5,55,1215.3765
WT5,56,968.6909
WT5,57,592.7637
WT5,58,354.8533
WT5,59,93.65782
WT5,60,155.3811
WT5,61,224.04774
WT5,62,221.35464
WT5,63,312.67548
WT5,64,245.30421
WT5,65,151.37001
WT5,66,204.66638
WT5,67,296.9412
WT5,68,422.38596
WT5,69,349.38904
WT5,70,493.57016
WT5,71,442.95123
WT5,72,631.17957
WT5,73,966.34357
WT5,74,995.94617
WT5,75,1675.3947
WT5,76,3502.8408
WT5,77,3991.4028
WT5,78,5818.22
WT5,79,8426.683
WT5,80,10566.119
WT5,81,12100.577
WT5,82,12103.517
WT5,83,11182.419
WT5,84,10469.88
WT5,85,11177.728
WT5,86,12502.288
WT5,87,13061.873
WT5,88,10990.814
WT5,89,8388.068
WT5,90,7360.101
WT5,91,7740.302
WT5,92,8668.542
WT5,93,9254.117
WT5,94,11054.352
WT5,95,13073.024
WT5,96,8267.43
WT5,97,338.1672
WT5,98,1659.2495
WT5,99,14558.922
WT5,100,21166.543
WT5,101,19585.58
WT5,102,18156.021
WT5,103,16004.262
WT5,104,12877.809
WT5,105,10973.912
WT5,106,11150.543
WT5,107,12028.556
WT5,108,12303.934
WT5,109,11175.763
WT5,110,9783.145
WT5,111,8565.691
WT5,112,7874.42
WT5,113,7295.27
WT5,114,6668.839
WT5,115,6074.5454
WT5,116,5387.0645
WT5,117,4899.271
WT5,118,4602.932
WT5,119,4295.203
WT5,120,4198.71
WT5,121,3302.8125
WT5,122,2655.3
WT5,123,2201.1228
WT5,124,2113.7727
WT5,125,2245.6462
WT5,126,2535.688
WT5,127,2645.4
WT5,128,2787.6794
WT5,129,2867.413
WT5,130,3081.1147
WT5,131,3270.014
WT5,132,3446.7405
WT5,133,3286.9143
WT5,134,2961.4536
WT5,135,2688.3271
WT5,136,2529.2966
WT5,137,2356.866
WT5,138,2139.9875
WT5,139,1917.1412
WT5,140,1793.6353
WT5,141,1644.8634
WT5,142,1407.6533
WT5,143,1132.9343
WT5,144,931.0847
WT5,145,850.4654
WT5,146,828.04926
WT5,147,817.98346
WT5,148,828.8177
WT5,149,834.3319
WT5,150,850.6921
WT5,151,857.66626
WT5,152,832.0283
WT5,153,701.1065
WT5,154,456.0362
WT5,155,233.92062
WT5,156,141.9846
WT5,157,107.22151
WT5,158,113.64947
WT5,159,122.21174
WT5,160,161.81375
WT5,161,227.75021
WT5,162,249.53633
WT5,163,197.08945
WT5,164,122.85485
WT5,165,55.26617
WT5,166,15.2639065
WT5,167,0.7598064
WT6,0,240.50974
WT6,1,294.91895
WT6,2,259.8555
WT6,3,11.121147
WT6,4,16.880121
WT6,5,137.20642
WT6,6,224.73042
WT6,7,170.23135
WT6,8,174.75215
WT6,9,152.24628
WT6,10,179.69258
WT6,11,145.97224
WT6,12,1184.7384
WT6,13,148.67445
WT6,14,673.3656
WT6,15,1003.4108
WT6,16,989.6824
WT6,17,592.4605
WT6,18,444.8876
WT6,19,579.0303
WT6,20,1054.7151
WT6,21,818.5085
WT6,22,1357.2853
WT6,23,1382.8666
WT6,24,2128.0227
WT6,25,2394.0435
WT6,26,2837.066
WT6,27,3034.7554
WT6,28,4833.02
WT6,29,6523.6997
WT6,30,5684.399
WT6,31,5581.0796
WT6,32,6824.118
WT6,33,4680.6294
WT6,34,5357.2183
WT6,35,4489.8164
WT6,36,4997.211
WT6,37,4814.216
WT6,38,5556.955
WT6,39,4621.844
WT6,40,4096.7456
WT6,41,3129.1265
WT6,42,1695.0114
WT6,43,1209.7544
WT6,44,750.6429
WT6,45,918.78754
WT6,46,651.1215
WT6,47,657.44116
WT6,48,622.5246
WT6,49,846.7865
WT6,50,818.0613
WT6,51,917.70844
WT6,52,655.56964
WT6,53,752.59235
WT6,54,1116.2306
WT6,55,1215.3765
WT6,56,968.6909
WT6,57,592.7637
WT6,58,354.8533
WT6,59,93.65782
WT6,60,155.3811
WT6,61,224.04774
WT6,62,221.35464
WT6,63,312.67548
WT6,64,245.30421
WT6,65,151.37001
WT6,66,204.66638
WT6,67,296.9412
WT6,68,422.38596
WT6,69,349.38904
WT6,70,493.57016
WT6,71,442.95123
WT6,72,631.17957
WT6,73,966.34357
WT6,74,995.94617
WT6,75,1675.3947
WT6,76,3502.8408
WT6,77,3991.4028
WT6,78,5818.22
WT6,79,8426.683
WT6,80,10566.119
WT6,81,12100.577
WT6,82,12103.517
WT6,83,11182.419
WT6,84,10469.88
WT6,85,11177.728
WT6,86,12502.288
WT6,87,13061.873
WT6,88,10990.814
WT6,89,8388.068
WT6,90,7360.101
WT6,91,7740.302
WT6,92,8668.542
WT6,93,9254.117
WT6,94,11054.352
WT6,95,13073.024
WT6,96,8267.43
WT6,97,338.1672
WT6,98,1659.2495
WT6,99,14558.922
WT6,100,21166.543
WT6,101,19585.58
WT6,102,18156.021
WT6,103,16004.262
WT6,104,12877.809
WT6,105,10973.912
WT6,106,11150.543
WT6,107,12028.556
WT6,108,12303.934
WT6,109,11175.763
WT6,110,9783.145
WT6,111,8565.691
WT6,112,7874.42
WT6,113,7295.27
WT6,114,6668.839
WT6,115,6074.5454
WT6,116,5387.0645
WT6,117,4899.271
WT6,118,4602.932
WT6,119,4295.203
WT6,120,4198.71
WT6,121,3302.8125
WT6,122,2655.3
WT6,123,2201.1228
WT6,124,2113.7727
WT6,125,2245.6462
WT6,126,2535.688
WT6,127,2645.4
WT6,128,2787.6794
WT6,129,2867.413
WT6,130,3081.1147
WT6,131,3270.014
WT6,132,3446.7405
WT6,133,3286.9143
WT6,134,2961.4536
WT6,135,2688.3271
WT6,136,2529.2966
WT6,137,2356.866
WT6,138,2139.9875
WT6,139,1917.1412
WT6,140,1793.6353
WT6,141,1644.8634
WT6,142,1407.6533
WT6,143,1132.9343
WT6,144,931.0847
WT6,145,850.4654
WT6,146,828.04926
WT6,147,817.98346
WT6,148,828.8177
WT6,149,834.3319
WT6,150,850.6921
WT6,151,857.66626
WT6,152,832.0283
WT6,153,701.1065
WT6,154,456.0362
WT6,155,233.92062
WT6,156,141.9846
WT6,157,107.22151
WT6,158,113.64947
WT6,159,122.21174
WT6,160,161.81375
WT6,161,227.75021
WT6,162,249.53633
WT6,163,197.08945
WT6,164,122.85485
WT6,165,55.26617
WT6,166,15.2639065
WT6,167,0.7598064
WT7,0,256.5663
WT7,1,304.34607
WT7,2,237.85129
WT7,3,9.898222
WT7,4,3.9184504
WT7,5,122.35113
WT7,6,174.69164
WT7,7,126.81028
WT7,8,152.50708
WT7,9,148.70665
WT7,10,185.97313
WT7,11,170.602
WT7,12,800.334
WT7,13,194.27794
WT7,14,721.04285
WT7,15,782.1677
WT7,16,1056.5951
WT7,17,586.94305
WT7,18,476.2426
WT7,19,648.6938
WT7,20,1124.5259
WT7,21,885.74915
WT7,22,1996.8611
WT7,23,2161.3398
WT7,24,2373.3542
WT7,25,2896.2085
WT7,26,3624.255
WT7,27,4719.83
WT7,28,5583.696
WT7,29,6915.461
WT7,30,7669.88
WT7,31,5780.812
WT7,32,7061.179
WT7,33,7481.039
WT7,34,7087.8613
WT7,35,5965.749
WT7,36,6497.38
WT7,37,5142.193
WT7,38,6163.594
WT7,39,5942.325
WT7,40,4323.7305
WT7,41,3338.797
WT7,42,2169.054
WT7,43,1489.5806
WT7,44,779.5608
WT7,45,866.36884
WT7,46,609.2626
WT7,47,567.7141
WT7,48,606.85706
WT7,49,1000.16486
WT7,50,868.34454
WT7,51,972.9264
WT7,52,710.8287
WT7,53,960.6014
WT7,54,1205.3798
WT7,55,1324.4448
WT7,56,1163.3945
WT7,57,733.1111
WT7,58,403.08545
WT7,59,159.96928
WT7,60,198.83583
WT7,61,323.77646
WT7,62,279.76328
WT7,63,424.08746
WT7,64,252.27777
WT7,65,194.76227
WT7,66,232.9613
WT7,67,238.49574
WT7,68,285.67737
WT7,69,390.05508
WT7,70,463.67807
WT7,71,449.12302
WT7,72,607.7515
WT7,73,1009.79517
WT7,74,985.2593
WT7,75,2060.5906
WT7,76,4087.6792
WT7,77,5353.16
WT7,78,7409.7026
WT7,79,10174.721
WT7,80,11628.382
WT7,81,12329.151
WT7,82,11712.949
WT7,83,10139.979
WT7,84,9518.056
WT7,85,10874.321
WT7,86,13736.291
WT7,87,15336.811
WT7,88,13533.249
WT7,89,10721.066
WT7,90,9518.235
WT7,91,10074.289
WT7,92,11241.048
WT7,93,11469.162
WT7,94,12044.327
WT7,95,12774.053
WT7,96,7687.378
WT7,97,351.8253
WT7,98,1306.5367
WT7,99,12531.397
WT7,100,19194.668
WT7,101,18357.129
WT7,102,17403.277
WT7,103,15459.925
WT7,104,12246.788
WT7,105,10600.121
WT7,106,11031.018
WT7,107,11961.958
WT7,108,12593.385
WT7,109,11785.066
WT7,110,10636.667
WT7,111,9388.336
WT7,112,8362.761
WT7,113,7357.103
WT7,114,6522.8457
WT7,115,5895.653
WT7,116,5362.2275
WT7,117,4962.2324
WT7,118,4676.855
WT7,119,4375.759
WT7,120,4292.345
WT7,121,3302.8125
WT7,122,2655.3
WT7,123,2201.1228
WT7,124,2113.7727
WT7,125,2245.6462
WT7,126,2535.688
WT7,127,2645.4
WT7,128,2787.6794
WT7,129,2867.413
WT7,130,3081.1147
WT7,131,3270.014
WT7,132,3446.7405
WT7,133,3286.9143
WT7,134,2961.4536
WT7,135,2688.3271
WT7,136,2529.2966
WT7,137,2356.866
WT7,138,2139.9875
WT7,139,1917.1412
WT7,140,1793.6353
WT7,141,1644.8634
WT7,142,1407.6533
WT7,143,1132.9343
WT7,144,931.0847
WT7,145,850.4654
WT7,146,828.04926
WT7,147,817.98346
WT7,148,828.8177
WT7,149,834.3319
WT7,150,850.6921
WT7,151,857.66626
WT7,152,832.0283
WT7,153,701.1065
WT7,154,456.0362
WT7,155,233.92062
WT7,156,141.9846
WT7,157,107.22151
WT7,158,113.64947
WT7,159,122.21174
WT7,160,161.81375
WT7,161,227.75021
WT7,162,249.53633
WT7,163,197.08945
WT7,164,122.85485
WT7,165,55.26617
WT7,166,15.2639065
WT7,167,0.7598064
WT8,0,256.5663
WT8,1,304.34607
WT8,2,237.85129
WT8,3,9.898222
WT8,4,3.9184504
WT8,5,122.35113
WT8,6,174.69164
WT8,7,126.81028
WT8,8,152.50708
WT8,9,148.70665
WT8,10,185.97313
WT8,11,170.602
WT8,12,800.334
WT8,13,194.27794
WT8,14,721.04285
WT8,15,782.1677
WT8,16,1056.5951
WT8,17,586.94305
WT8,18,476.2426
WT8,19,648.6938
WT8,20,1124.5259
WT8,21,885.74915
WT8,22,1996.8611
WT8,23,2161.3398
WT8,24,2373.3542
WT8,25,2896.2085
WT8,26,3624.255
WT8,27,4719.83
WT8,28,5583.696
WT8,29,6915.461
WT8,30,7669.88
WT8,31,5780.812
WT8,32,7061.179
WT8,33,7481.039
WT8,34,7087.8613
WT8,35,5965.749
WT8,36,6497.38
WT8,37,5142.193
WT8,38,6163.594
WT8,39,5942.325
WT8,40,4323.7305
WT8,41,3338.797
WT8,42,2169.054
WT8,43,1489.5806
WT8,44,779.5608
WT8,45,866.36884
WT8,46,609.2626
WT8,47,567.7141
WT8,48,606.85706
WT8,49,1000.16486
WT8,50,868.34454
WT8,51,972.9264
WT8,52,710.8287
WT8,53,960.6014
WT8,54,1205.3798
WT8,55,1324.4448
WT8,56,1163.3945
WT8,57,733.1111
WT8,58,403.08545
WT8,59,159.96928
WT8,60,198.83583
WT8,61,323.77646
WT8,62,279.76328
WT8,63,424.08746
WT8,64,252.27777
WT8,65,194.76227
WT8,66,232.9613
WT8,67,238.49574
WT8,68,285.67737
WT8,69,390.05508
WT8,70,463.67807
WT8,71,449.12302
WT8,72,607.7515
WT8,73,1009.79517
WT8,74,985.2593
WT8,75,2060.5906
WT8,76,4087.6792
WT8,77,5353.16
WT8,78,7409.7026
WT8,79,10174.721
WT8,80,11628.382
WT8,81,12329.151
WT8,82,11712.949
WT8,83,10139.979
WT8,84,9518.056
WT8,85,10874.321
WT8,86,13736.291
WT8,87,15336.811
WT8,88,13533.249
WT8,89,10721.066
WT8,90,9518.235
WT8,91,10074.289
WT8,92,11241.048
WT8,93,11469.162
WT8,94,12044.327
WT8,95,12774.053
WT8,96,7687.378
WT8,97,351.8253
WT8,98,1306.5367
WT8,99,12531.397
WT8,100,19194.668
WT8,101,18357.129
WT8,102,17403.277
WT8,103,15459.925
WT8,104,12246.788
WT8,105,10600.121
WT8,106,11031.018
WT8,107,11961.958
WT8,108,12593.385
WT8,109,11785.066
WT8,110,10636.667
WT8,111,9388.336
WT8,112,8362.761
WT8,113,7357.103
WT8,114,6522.8457
WT8,115,5895.653
WT8,116,5362.2275
WT8,117,4962.2324
WT8,118,4676.855
WT8,119,4375.759
WT8,120,4292.345
WT8,121,3302.8125
WT8,122,2655.3
WT8,123,2201.1228
WT8,124,2113.7727
WT8,125,2245.6462
WT8,126,2535.688
WT8,127,2645.4
WT8,128,2787.6794
WT8,129,2867.413
WT8,130,3081.1147
WT8,131,3270.014
WT8,132,3446.7405
WT8,133,3286.9143
WT8,134,2961.4536
WT8,135,2688.3271
WT8,136,2529.2966
WT8,137,2356.866
WT8,138,2139.9875
WT8,139,1917.1412
WT8,140,1793.6353
WT8,141,1644.8634
WT8,142,1407.6533
WT8,143,1132.9343
WT8,144,931.0847
WT8,145,850.4654
WT8,146,828.04926
WT8,147,817.98346
WT8,148,828.8177
WT8,149,834.3319
WT8,150,850.6921
WT8,151,857.66626
WT8,152,832.0283
WT8,153,701.1065
WT8,154,456.0362
WT8,155,233.92062
WT8,156,141.9846
WT8,157,107.22151
WT8,158,113.64947
WT8,159,122.21174
WT8,160,161.81375
WT8,161,227.75021
WT8,162,249.53633
WT8,163,197.08945
WT8,164,122.85485
WT8,165,55.26617
WT8,166,15.2639065
WT8,167,0.7598064
WT9,0,256.5663
WT9,1,298.22842
WT9,2,261.4415
WT9,3,12.929464
WT9,4,7.354017
WT9,5,140.06433
WT9,6,199.8668
WT9,7,140.75081
WT9,8,140.99792
WT9,9,157.60745
WT9,10,189.09941
WT9,11,160.6944
WT9,12,1048.4784
WT9,13,148.40497
WT9,14,701.99945
WT9,15,888.75476
WT9,16,1087.428
WT9,17,592.39026
WT9,18,459.5857
WT9,19,600.1285
WT9,20,995.8082
WT9,21,813.8922
WT9,22,1572.0831
WT9,23,1645.5374
WT9,24,2276.3276
WT9,25,2646.791
WT9,26,3460.075
WT9,27,4264.269
WT9,28,5488.593
WT9,29,7147.0264
WT9,30,7374.4946
WT9,31,5942.364
WT9,32,7511.166
WT9,33,7201.4497
WT9,34,6938.473
WT9,35,5304.2134
WT9,36,6113.7847
WT9,37,5233.104
WT9,38,5940.9463
WT9,39,5388.051
WT9,40,4138.2104
WT9,41,3354.435
WT9,42,2053.7075
WT9,43,1264.6624
WT9,44,755.1146
WT9,45,905.2302
WT9,46,607.40204
WT9,47,598.09467
WT9,48,584.3475
WT9,49,936.0711
WT9,50,857.219
WT9,51,995.0995
WT9,52,710.8287
WT9,53,960.6014
WT9,54,1205.3798
WT9,55,1324.4448
WT9,56,1163.3945
WT9,57,733.1111
WT9,58,403.08545
WT9,59,159.96928
WT9,60,198.83583
WT9,61,323.77646
WT9,62,279.76328
WT9,63,424.08746
WT9,64,252.27777
WT9,65,194.76227
WT9,66,232.9613
WT9,67,238.49574
WT9,68,285.67737
WT9,69,390.05508
WT9,70,463.67807
WT9,71,449.12302
WT9,72,607.7515
WT9,73,1009.79517
WT9,74,985.2593
WT9,75,2060.5906
WT9,76,4087.6792
WT9,77,5353.16
WT9,78,7409.7026
WT9,79,10174.721
WT9,80,11628.382
WT9,81,12329.151
WT9,82,11712.949
WT9,83,10139.979
WT9,84,9518.056
WT9,85,10874.321
WT9,86,13736.291
WT9,87,15336.811
WT9,88,13533.249
WT9,89,10721.066
WT9,90,9518.235
WT9,91,10074.289
WT9,92,11241.048
WT9,93,11469.162
WT9,94,12044.327
WT9,95,12774.053
WT9,96,7687.378
WT9,97,351.8253
WT9,98,1306.5367
WT9,99,12531.397
WT9,100,19194.668
WT9,101,18357.129
WT9,102,17403.277
WT9,103,15459.925
WT9,104,12246.788
WT9,105,10600.121
WT9,106,11031.018
WT9,107,11961.958
WT9,108,12593.385
WT9,109,11785.066
WT9,110,10636.667
WT9,111,9388.336
WT9,112,8362.761
WT9,113,7357.103
WT9,114,6522.8457
WT9,115,5895.653
WT9,116,5362.2275
WT9,117,4962.2324
WT9,118,4676.855
WT9,119,4375.759
WT9,120,4292.345
WT9,121,3302.8125
WT9,122,2655.3
WT9,123,2201.1228
WT9,124,2113.7727
WT9,125,2245.6462
WT9,126,2535.688
WT9,127,2645.4
WT9,128,2787.6794
WT9,129,2867.413
WT9,130,3081.1147
WT9,131,3270.014
WT9,132,3446.7405
WT9,133,3286.9143
WT9,134,2961.4536
WT9,135,2688.3271
WT9,136,2529.2966
WT9,137,2356.866
WT9,138,2139.9875
WT9,139,1917.1412
WT9,140,1793.6353
WT9,141,1644.8634
WT9,142,1407.6533
WT9,143,1132.9343
WT9,144,931.0847
WT9,145,850.4654
WT9,146,828.04926
WT9,147,817.98346
WT9,148,828.8177
WT9,149,834.3319
WT9,150,850.6921
WT9,151,857.66626
WT9,152,832.0283
WT9,153,701.1065
WT9,154,456.0362
WT9,155,233.92062
WT9,156,141.9846
WT9,157,107.22151
WT9,158,113.64947
WT9,159,122.21174
WT9,160,161.81375
WT9,161,227.75021
WT9,162,249.53633
WT9,163,197.08945
WT9,164,122.85485
WT9,165,55.26617
WT9,166,15.2639065
WT9,167,0.7598064
WT10,0,256.5663
WT10,1,298.22842
WT10,2,261.4415
WT10,3,12.929464
WT10,4,7.354017
WT10,5,140.06433
WT10,6,199.8668
WT10,7,140.75081
WT10,8,140.99792
WT10,9,157.60745
WT10,10,189.09941
WT10,11,160.6944
WT10,12,1048.4784
WT10,13,148.40497
WT10,14,701.99945
WT10,15,888.75476
WT10,16,1087.428
WT10,17,592.39026
WT10,18,459.5857
WT10,19,600.1285
WT10,20,995.8082
WT10,21,813.8922
WT10,22,1572.0831
WT10,23,1645.5374
WT10,24,2276.3276
WT10,25,2646.791
WT10,26,3460.075
WT10,27,4264.269
WT10,28,5488.593
WT10,29,7147.0264
WT10,30,7374.4946
WT10,31,5942.364
WT10,32,7511.166
WT10,33,7201.4497
WT10,34,6938.473
WT10,35,5304.2134
WT10,36,6113.7847
WT10,37,5233.104
WT10,38,5940.9463
WT10,39,5388.051
WT10,40,4138.2104
WT10,41,3354.435
WT10,42,2053.7075
WT10,43,1264.6624
WT10,44,755.1146
WT10,45,905.2302
WT10,46,607.40204
WT10,47,598.09467
WT10,48,584.3475
WT10,49,936.0711
WT10,50,857.219
WT10,51,995.0995
WT10,52,710.8287
WT10,53,960.6014
WT10,54,1205.3798
WT10,55,1324.4448
WT10,56,1163.3945
WT10,57,733.1111
WT10,58,403.08545
WT10,59,159.96928
WT10,60,198.83583
WT10,61,323.77646
WT10,62,279.76328
WT10,63,424.08746
WT10,64,252.27777
WT10,65,194.76227
WT10,66,232.9613
WT10,67,238.49574
WT10,68,285.67737
WT10,69,390.05508
WT10,70,463.67807
WT10,71,449.12302
WT10,72,607.7515
WT10,73,1009.79517
WT10,74,985.2593
WT10,75,2060.5906
WT10,76,4087.6792
WT10,77,5353.16
WT10,78,7409.7026
WT10,79,10174.721
WT10,80,11628.382
WT10,81,12329.151
WT10,82,11712.949
WT10,83,10139.979
WT10,84,9518.056
WT10,85,10874.321
WT10,86,13736.291
WT10,87,15336.811
WT10,88,13533.249
WT10,89,10721.066
WT10,90,9518.235
WT10,91,10074.289
WT10,92,11241.048
WT10,93,11469.162
WT10,94,12044.327
WT10,95,12774.053
WT10,96,7687.378
WT10,97,351.8253
WT10,98,1306.5367
WT10,99,12531.397
WT10,100,19194.668
WT10,101,18357.129
WT10,102,17403.277
WT10,103,15459.925
WT10,104,12246.788
WT10,105,10600.121
WT10,106,11031.018
WT10,107,11961.958
WT10,108,12593.385
WT10,109,11785.066
WT10,110,10636.667
WT10,111,9388.336
WT10,112,8362.761
WT10,113,7357.103
WT10,114,6522.8457
WT10,115,5895.653
WT10,116,5362.2275
WT10,117,4962.2324
WT10,118,4676.855
WT10,119,4375.759
WT10,120,4292.345
WT10,121,3302.8125
WT10,122,2655.3
WT10,123,2201.1228
WT10,124,2113.7727
WT10,125,2245.6462
WT10,126,2535.688
WT10,127,2645.4
WT10,128,2787.6794
WT10,129,2867.413
WT10,130,3081.1147
WT10,131,3270.014
WT10,132,3446.7405
WT10,133,3286.9143
WT10,134,2961.4536
WT10,135,2688.3271
WT10,136,2529.2966
WT10,137,2356.866
WT10,138,2139.9875
WT10,139,1917.1412
WT10,140,1793.6353
WT10,141,1644.8634
WT10,142,1407.6533
WT10,143,1132.9343
WT10,144,931.0847
WT10,145,850.4654
WT10,146,828.04926
WT10,147,817.98346
WT10,148,828.8177
WT10,149,834.3319
WT10,150,850.6921
WT10,151,857.66626
WT10,152,832.0283
WT10,153,701.1065
WT10,154,456.0362
WT10,155,233.92062
WT10,156,141.9846
WT10,157,107.22151
WT10,158,113.64947
WT10,159,122.21174
WT10,160,161.81375
WT10,161,227.75021
WT10,162,249.53633
WT10,163,197.08945
WT10,164,122.85485
WT10,165,55.26617
WT10,166,15.2639065
WT10,167,0.7598064
WT11,0,256.5663
WT11,1,298.22842
WT11,2,261.4415
WT11,3,12.929464
WT11,4,7.354017
WT11,5,140.06433
WT11,6,199.8668
WT11,7,140.75081
WT11,8,140.99792
WT11,9,157.60745
WT11,10,189.09941
WT11,11,160.6944
WT11,12,1048.4784
WT11,13,148.40497
WT11,14,701.99945
WT11,15,888.75476
WT11,16,1087.428
WT11,17,592.39026
WT11,18,459.5857
WT11,19,600.1285
WT11,20,995.8082
WT11,21,813.8922
WT11,22,1572.0831
WT11,23,1645.5374
WT11,24,2276.3276
WT11,25,2646.791
WT11,26,3460.075
WT11,27,4264.269
WT11,28,5488.593
WT11,29,7147.0264
WT11,30,7374.4946
WT11,31,5942.364
WT11,32,7511.166
WT11,33,7201.4497
WT11,34,6938.473
WT11,35,5304.2134
WT11,36,6113.7847
WT11,37,5233.104
WT11,38,5940.9463
WT11,39,5388.051
WT11,40,4138.2104
WT11,41,3354.435
WT11,42,2053.7075
WT11,43,1264.6624
WT11,44,755.1146
WT11,45,905.2302
WT11,46,607.40204
WT11,47,598.09467
WT11,48,584.3475
WT11,49,936.0711
WT11,50,857.219
WT11,51,995.0995
WT11,52,710.8287
WT11,53,960.6014
WT11,54,1205.3798
WT11,55,1324.4448
WT11,56,1163.3945
WT11,57,733.1111
WT11,58,403.08545
WT11,59,159.96928
WT11,60,198.83583
WT11,61,323.77646
WT11,62,279.76328
WT11,63,424.08746
WT11,64,252.27777
WT11,65,194.76227
WT11,66,232.9613
WT11,67,238.49574
WT11,68,285.67737
WT11,69,390.05508
WT11,70,463.67807
WT11,71,449.12302
WT11,72,607.7515
WT11,73,1009.79517
WT11,74,985.2593
WT11,75,2060.5906
WT11,76,4087.6792
WT11,77,5353.16
WT11,78,7409.7026
WT11,79,10174.721
WT11,80,11628.382
WT11,81,12329.151
WT11,82,11712.949
WT11,83,10139.979
WT11,84,9518.056
WT11,85,10874.321
WT11,86,13736.291
WT11,87,15336.811
WT11,88,13533.249
WT11,89,10721.066
WT11,90,9518.235
WT11,91,10074.289
WT11,92,11241.048
WT11,93,11469.162
WT11,94,12044.327
WT11,95,12774.053
WT11,96,7687.378
WT11,97,351.8253
WT11,98,1306.5367
WT11,99,12531.397
WT11,100,19194.668
WT11,101,18357.129
WT11,102,17403.277
WT11,103,15459.925
WT11,104,12246.788
WT11,105,10600.121
WT11,106,11031.018
WT11,107,11961.958
WT11,108,12593.385
WT11,109,11785.066
WT11,110,10636.667
WT11,111,9388.336
WT11,112,8362.761
WT11,113,7357.103
WT11,114,6522.8457
WT11,115,5895.653
WT11,116,5362.2275
WT11,117,4962.2324
WT11,118,4676.855
WT11,119,4375.759
WT11,120,4292.345
WT11,121,3302.8125
WT11,122,2655.3
WT11,123,2201.1228
WT11,124,2113.7727
WT11,125,2245.6462
WT11,126,2535.688
WT11,127,2645.4
WT11,128,2787.6794
WT11,129,2867.413
WT11,130,3081.1147
WT11,131,3270.014
WT11,132,3446.7405
WT11,133,3286.9143
WT11,134,2961.4536
WT11,135,2688.3271
WT11,136,2529.2966
WT11,137,2356.866
WT11,138,2139.9875
WT11,139,1917.1412
WT11,140,1793.6353
WT11,141,1644.8634
WT11,142,1407.6533
WT11,143,1132.9343
WT11,144,931.0847
WT11,145,850.4654
WT11,146,828.04926
WT11,147,817.98346
WT11,148,828.8177
WT11,149,834.3319
WT11,150,850.6921
WT11,151,857.66626
WT11,152,832.0283
WT11,153,701.1065
WT11,154,456.0362
WT11,155,233.92062
WT11,156,141.9846
WT11,157,107.22151
WT11,158,113.64947
WT11,159,122.21174
WT11,160,161.81375
WT11,161,227.75021
WT11,162,249.53633
WT11,163,197.08945
WT11,164,122.85485
WT11,165,55.26617
WT11,166,15.2639065
WT11,167,0.7598064
WT12,0,238.917
WT12,1,290.27643
WT12,2,263.28802
WT12,3,15.719017
WT12,4,9.131247
WT12,5,163.68428
WT12,6,224.41226
WT12,7,186.84567
WT12,8,184.13644
WT12,9,157.66075
WT12,10,164.59238
WT12,11,173.36977
WT12,12,904.35187
WT12,13,165.09425
WT12,14,675.8874
WT12,15,940.62225
WT12,16,1216.7114
WT12,17,600.1539
WT12,18,502.27637
WT12,19,610.1542
WT12,20,1004.76843
WT12,21,814.07025
WT12,22,1597.4961
WT12,23,1636.3193
WT12,24,2133.8093
WT12,25,2491.681
WT12,26,3500.0417
WT12,27,3779.2708
WT12,28,5342.553
WT12,29,7340.731
WT12,30,7205.519
WT12,31,6223.728
WT12,32,7737.3794
WT12,33,6819.7417
WT12,34,6529.4
WT12,35,4830.2607
WT12,36,5910.343
WT12,37,5234.122
WT12,38,6227.075
WT12,39,5254.1934
WT12,40,4112.211
WT12,41,3391.7834
WT12,42,1975.5774
WT12,43,1234.5004
WT12,44,758.95483
WT12,45,950.25323
WT12,46,607.40204
WT12,47,571.0146
WT12,48,580.882
WT12,49,978.6457
WT12,50,826.8384
WT12,51,970.54346
WT12,52,710.8287
WT12,53,960.6014
WT12,54,1205.3798
WT12,55,1324.4448
WT12,56,1163.3945
WT12,57,733.1111
WT12,58,403.08545
WT12,59,159.96928
WT12,60,198.83583
WT12,61,323.77646
WT12,62,279.76328
WT12,63,424.08746
WT12,64,252.27777
WT12,65,194.76227
WT12,66,232.9613
WT12,67,238.49574
WT12,68,285.67737
WT12,69,390.05508
WT12,70,463.67807
WT12,71,449.12302
WT12,72,607.7515
WT12,73,1009.79517
WT12,74,985.2593
WT12,75,2060.5906
WT12,76,4087.6792
WT12,77,5353.16
WT12,78,7409.7026
WT12,79,10174.721
WT12,80,11628.382
WT12,81,12329.151
WT12,82,11712.949
WT12,83,10139.979
WT12,84,9518.056
WT12,85,10874.321
WT12,86,13736.291
WT12,87,15336.811
WT12,88,13533.249
WT12,89,10721.066
WT12,90,9518.235
WT12,91,10074.289
WT12,92,11241.048
WT12,93,11469.162
WT12,94,12044.327
WT12,95,12774.053
WT12,96,7687.378
WT12,97,351.8253
WT12,98,1306.5367
WT12,99,12531.397
WT12,100,19194.668
WT12,101,18357.129
WT12,102,17403.277
WT12,103,15459.925
WT12,104,12246.788
WT12,105,10600.121
WT12,106,11031.018
WT12,107,11961.958
WT12,108,12593.385
WT12,109,11785.066
WT12,110,10636.667
WT12,111,9388.336
WT12,112,8362.761
WT12,113,7357.103
WT12,114,6522.8457
WT12,115,5895.653
WT12,116,5362.2275
WT12,117,4962.2324
WT12,118,4676.855
WT12,119,4375.759
WT12,120,4292.345
WT12,121,3302.8125
WT12,122,2655.3
WT12,123,2201.1228
WT12,124,2113.7727
WT12,125,2245.6462
WT12,126,2535.688
WT12,127,2645.4
WT12,128,2787.6794
WT12,129,2867.413
WT12,130,3081.1147
WT12,131,3270.014
WT12,132,3446.7405
WT12,133,3286.9143
WT12,134,2961.4536
WT12,135,2688.3271
WT12,136,2529.2966
WT12,137,2356.866
WT12,138,2139.9875
WT12,139,1917.1412
WT12,140,1793.6353
WT12,141,1644.8634
WT12,142,1407.6533
WT12,143,1132.9343
WT12,144,931.0847
WT12,145,850.4654
WT12,146,828.04926
WT12,147,817.98346
WT12,148,828.8177
WT12,149,834.3319
WT12,150,850.6921
WT12,151,857.66626
WT12,152,832.0283
WT12,153,701.1065
WT12,154,456.0362
WT12,155,233.92062
WT12,156,141.9846
WT12,157,107.22151
WT12,158,113.64947
WT12,159,122.21174
WT12,160,161.81375
WT12,161,227.75021
WT12,162,249.53633
WT12,163,197.08945
WT12,164,122.85485
WT12,165,55.26617
WT12,166,15.2639065
WT12,167,0.7598064
WT13,0,238.917
WT13,1,290.27643
WT13,2,263.28802
WT13,3,15.719017
WT13,4,9.131247
WT13,5,163.68428
WT13,6,224.41226
WT13,7,186.84567
WT13,8,184.13644
WT13,9,157.66075
WT13,10,164.59238
WT13,11,173.36977
WT13,12,904.35187
WT13,13,165.09425
WT13,14,675.8874
WT13,15,940.62225
WT13,16,1216.7114
WT13,17,600.1539
WT13,18,502.27637
WT13,19,610.1542
WT13,20,1004.76843
WT13,21,814.07025
WT13,22,1597.4961
WT13,23,1636.3193
WT13,24,2133.8093
WT13,25,2491.681
WT13,26,3500.0417
WT13,27,3779.2708
WT13,28,5342.553
WT13,29,7340.731
WT13,30,7205.519
WT13,31,6223.728
WT13,32,7737.3794
WT13,33,6819.7417
WT13,34,6529.4
WT13,35,4830.2607
WT13,36,5910.343
WT13,37,5234.122
WT13,38,6227.075
WT13,39,5254.1934
WT13,40,4112.211
WT13,41,3391.7834
WT13,42,1975.5774
WT13,43,1234.5004
WT13,44,758.95483
WT13,45,950.25323
WT13,46,607.40204
WT13,47,571.0146
WT13,48,580.882
WT13,49,978.6457
WT13,50,826.8384
WT13,51,970.54346
WT13,52,710.8287
WT13,53,960.6014
WT13,54,1205.3798
WT13,55,1324.4448
WT13,56,1163.3945
WT13,57,733.1111
WT13,58,403.08545
WT13,59,159.96928
WT13,60,198.83583
WT13,61,323.77646
WT13,62,279.76328
WT13,63,424.08746
WT13,64,252.27777
WT13,65,194.76227
WT13,66,232.9613
WT13,67,238.49574
WT13,68,285.67737
WT13,69,390.05508
WT13,70,463.67807
WT13,71,449.12302
WT13,72,607.7515
WT13,73,1009.79517
WT13,74,985.2593
WT13,75,2060.5906
WT13,76,4087.6792
WT13,77,5353.16
WT13,78,7409.7026
WT13,79,10174.721
WT13,80,11628.382
WT13,81,12329.151
WT13,82,11712.949
WT13,83,10139.979
WT13,84,9518.056
WT13,85,10874.321
WT13,86,13736.291
WT13,87,15336.811
WT13,88,13533.249
WT13,89,10721.066
WT13,90,9518.235
WT13,91,10074.289
WT13,92,11241.048
WT13,93,11469.162
WT13,94,12044.327
WT13,95,12774.053
WT13,96,7687.378
WT13,97,351.8253
WT13,98,1306.5367
WT13,99,12531.397
WT13,100,19194.668
WT13,101,18357.129
WT13,102,17403.277
WT13,103,15459.925
WT13,104,12246.788
WT13,105,10600.121
WT13,106,11031.018
WT13,107,11961.958
WT13,108,12593.385
WT13,109,11785.066
WT13,110,10636.667
WT13,111,9388.336
WT13,112,8362.761
WT13,113,7357.103
WT13,114,6522.8457
WT13,115,5895.653
WT13,116,5362.2275
WT13,117,4962.2324
WT13,118,4676.855
WT13,119,4375.759
WT13,120,4292.345
WT13,121,3302.8125
WT13,122,2655.3
WT13,123,2201.1228
WT13,124,2113.7727
WT13,125,2245.6462
WT13,126,2535.688
WT13,127,2645.4
WT13,128,2787.6794
WT13,129,2867.413
WT13,130,3081.1147
WT13,131,3270.014
WT13,132,3446.7405
WT13,133,3286.9143
WT13,134,2961.4536
WT13,135,2688.3271
WT13,136,2529.2966
WT13,137,2356.866
WT13,138,2139.9875
WT13,139,1917.1412
WT13,140,1793.6353
WT13,141,1644.8634
WT13,142,1407.6533
WT13,143,1132.9343
WT13,144,931.0847
WT13,145,850.4654
WT13,146,828.04926
WT13,147,817.98346
WT13,148,828.8177
WT13,149,834.3319
WT13,150,850.6921
WT13,151,857.66626
WT13,152,832.0283
WT13,153,701.1065
WT13,154,456.0362
WT13,155,233.92062
WT13,156,141.9846
WT13,157,107.22151
WT13,158,113.64947
WT13,159,122.21174
WT13,160,161.81375
WT13,161,227.75021
WT13,162,249.53633
WT13,163,197.08945
WT13,164,122.85485
WT13,165,55.26617
WT13,166,15.2639065
WT13,167,0.7598064
WT14,0,238.917
WT14,1,290.27643
WT14,2,263.28802
WT14,3,15.719017
WT14,4,9.131247
WT14,5,163.68428
WT14,6,224.41226
WT14,7,186.84567
WT14,8,184.13644
WT14,9,157.66075
WT14,10,164.59238
WT14,11,173.36977
WT14,12,904.35187
WT14,13,165.09425
WT14,14,675.8874
WT14,15,940.62225
WT14,16,1216.7114
WT14,17,600.1539
WT14,18,502.27637
WT14,19,610.1542
WT14,20,1004.76843
WT14,21,814.07025
WT14,22,1597.4961
WT14,23,1636.3193
WT14,24,2133.8093
WT14,25,2491.681
WT14,26,3500.0417
WT14,27,3779.2708
WT14,28,5342.553
WT14,29,7340.731
WT14,30,7205.519
WT14,31,6223.728
WT14,32,7737.3794
WT14,33,6819.7417
WT14,34,6529.4
WT14,35,4830.2607
WT14,36,5910.343
WT14,37,5234.122
WT14,38,6227.075
WT14,39,5254.1934
WT14,40,4112.211
WT14,41,3391.7834
WT14,42,1975.5774
WT14,43,1234.5004
WT14,44,758.95483
WT14,45,950.25323
WT14,46,607.40204
WT14,47,571.0146
WT14,48,580.882
WT14,49,978.6457
WT14,50,826.8384
WT14,51,970.54346
WT14,52,710.8287
WT14,53,960.6014
WT14,54,1205.3798
WT14,55,1324.4448
WT14,56,1163.3945
WT14,57,733.1111
WT14,58,403.08545
WT14,59,159.96928
WT14,60,198.83583
WT14,61,323.77646
WT14,62,279.76328
WT14,63,424.08746
WT14,64,252.27777
WT14,65,194.76227
WT14,66,232.9613
WT14,67,238.49574
WT14,68,285.67737
WT14,69,390.05508
WT14,70,463.67807
WT14,71,449.12302
WT14,72,607.7515
WT14,73,1009.79517
WT14,74,985.2593
WT14,75,2060.5906
WT14,76,4087.6792
WT14,77,5353.16
WT14,78,7409.7026
WT14,79,10174.721
WT14,80,11628.382
WT14,81,12329.151
WT14,82,11712.949
WT14,83,10139.979
WT14,84,9518.056
WT14,85,10874.321
WT14,86,13736.291
WT14,87,15336.811
WT14,88,13533.249
WT14,89,10721.066
WT14,90,9518.235
WT14,91,10074.289
WT14,92,11241.048
WT14,93,11469.162
WT14,94,12044.327
WT14,95,12774.053
WT14,96,7687.378
WT14,97,351.8253
WT14,98,1306.5367
WT14,99,12531.397
WT14,100,19194.668
WT14,101,18357.129
WT14,102,17403.277
WT14,103,15459.925
WT14,104,12246.788
WT14,105,10600.121
WT14,106,11031.018
WT14,107,11961.958
WT14,108,12593.385
WT14,109,11785.066
WT14,110,10636.667
WT14,111,9388.336
WT14,112,8362.761
WT14,113,7357.103
WT14,114,6522.8457
WT14,115,5895.653
WT14,116,5362.2275
WT14,117,4962.2324
WT14,118,4676.855
WT14,119,4375.759
WT14,120,4292.345
WT14,121,3302.8125
WT14,122,2655.3
WT14,123,2201.1228
WT14,124,2113.7727
WT14,125,2245.6462
WT14,126,2535.688
WT14,127,2645.4
WT14,128,2787.6794
WT14,129,2867.413
WT14,130,3081.1147
WT14,131,3270.014
WT14,132,3446.7405
WT14,133,3286.9143
WT14,134,2961.4536
WT14,135,2688.3271
WT14,136,2529.2966
WT14,137,2356.866
WT14,138,2139.9875
WT14,139,1917.1412
WT14,140,1793.6353
WT14,141,1644.8634
WT14,142,1407.6533
WT14,143,1132.9343
WT14,144,931.0847
WT14,145,850.4654
WT14,146,828.04926
WT14,147,817.98346
WT14,148,828.8177
WT14,149,834.3319
WT14,150,850.6921
WT14,151,857.66626
WT14,152,832.0283
WT14,153,701.1065
WT14,154,456.0362
WT14,155,233.92062
WT14,156,141.9846
WT14,157,107.22151
WT14,158,113.64947
WT14,159,122.21174
WT14,160,161.81375
WT14,161,227.75021
WT14,162,249.53633
WT14,163,197.08945
WT14,164,122.85485
WT14,165,55.26617
WT14,166,15.2639065
WT14,167,0.7598064
WT15,0,238.917
WT15,1,290.27643
WT15,2,263.28802
WT15,3,15.719017
WT15,4,9.131247
WT15,5,163.68428
WT15,6,224.41226
WT15,7,186.84567
WT15,8,184.13644
WT15,9,157.66075
WT15,10,164.59238
WT15,11,173.36977
WT15,12,904.35187
WT15,13,165.09425
WT15,14,675.8874
WT15,15,940.62225
WT15,16,1216.7114
WT15,17,600.1539
WT15,18,502.27637
WT15,19,610.1542
WT15,20,1004.76843
WT15,21,814.07025
WT15,22,1597.4961
WT15,23,1636.3193
WT15,24,2133.8093
WT15,25,2491.681
WT15,26,3500.0417
WT15,27,3779.2708
WT15,28,5342.553
WT15,29,7340.731
WT15,30,7205.519
WT15,31,6223.728
WT15,32,7737.3794
WT15,33,6819.7417
WT15,34,6529.4
WT15,35,4830.2607
WT15,36,5910.343
WT15,37,5234.122
WT15,38,6227.075
WT15,39,5254.1934
WT15,40,4112.211
WT15,41,3391.7834
WT15,42,1975.5774
WT15,43,1234.5004
WT15,44,758.95483
WT15,45,950.25323
WT15,46,607.40204
WT15,47,571.0146
WT15,48,580.882
WT15,49,978.6457
WT15,50,826.8384
WT15,51,970.54346
WT15,52,710.8287
WT15,53,960.6014
WT15,54,1205.3798
WT15,55,1324.4448
WT15,56,1163.3945
WT15,57,733.1111
WT15,58,403.08545
WT15,59,159.96928
WT15,60,198.83583
WT15,61,323.77646
WT15,62,279.76328
WT15,63,424.08746
WT15,64,252.27777
WT15,65,194.76227
WT15,66,232.9613
WT15,67,238.49574
WT15,68,285.67737
WT15,69,390.05508
WT15,70,463.67807
WT15,71,449.12302
WT15,72,607.7515
WT15,73,1009.79517
WT15,74,985.2593
WT15,75,2060.5906
WT15,76,4087.6792
WT15,77,5353.16
WT15,78,7409.7026
WT15,79,10174.721
WT15,80,11628.382
WT15,81,12329.151
WT15,82,11712.949
WT15,83,10139.979
WT15,84,9518.056
WT15,85,10874.321
WT15,86,13736.291
WT15,87,15336.811
WT15,88,13533.249
WT15,89,10721.066
WT15,90,9518.235
WT15,91,10074.289
WT15,92,11241.048
WT15,93,11469.162
WT15,94,12044.327
WT15,95,12774.053
WT15,96,7687.378
WT15,97,351.8253
WT15,98,1306.5367
WT15,99,12531.397
WT15,100,19194.668
WT15,101,18357.129
WT15,102,17403.277
WT15,103,15459.925
WT15,104,12246.788
WT15,105,10600.121
WT15,106,11031.018
WT15,107,11961.958
WT15,108,12593.385
WT15,109,11785.066
WT15,110,10636.667
WT15,111,9388.336
WT15,112,8362.761
WT15,113,7357.103
WT15,114,6522.8457
WT15,115,5895.653
WT15,116,5362.2275
WT15,117,4962.2324
WT15,118,4676.855
WT15,119,4375.759
WT15,120,4292.345
WT15,121,3302.8125
WT15,122,2655.3
WT15,123,2201.1228
WT15,124,2113.7727
WT15,125,2245.6462
WT15,126,2535.688
WT15,127,2645.4
WT15,128,2787.6794
WT15,129,2867.413
WT15,130,3081.1147
WT15,131,3270.014
WT15,132,3446.7405
WT15,133,3286.9143
WT15,134,2961.4536
WT15,135,2688.3271
WT15,136,2529.2966
WT15,137,2356.866
WT15,138,2139.9875
WT15,139,1917.1412
WT15,140,1793.6353
WT15,141,1644.8634
WT15,142,1407.6533
WT15,143,1132.9343
WT15,144,931.0847
WT15,145,850.4654
WT15,146,828.04926
WT15,147,817.98346
WT15,148,828.8177
WT15,149,834.3319
WT15,150,850.6921
WT15,151,857.66626
WT15,152,832.0283
WT15,153,701.1065
WT15,154,456.0362
WT15,155,233.92062
WT15,156,141.9846
WT15,157,107.22151
WT15,158,113.64947
WT15,159,122.21174
WT15,160,161.81375
WT15,161,227.75021
WT15,162,249.53633
WT15,163,197.08945
WT15,164,122.85485
WT15,165,55.26617
WT15,166,15.2639065
WT15,167,0.7598064
WT16,0,238.917
WT16,1,290.27643
WT16,2,263.28802
WT16,3,15.719017
WT16,4,9.131247
WT16,5,163.68428
WT16,6,224.41226
WT16,7,186.84567
WT16,8,184.13644
WT16,9,157.66075
WT16,10,164.59238
WT16,11,173.36977
WT16,12,904.35187
WT16,13,165.09425
WT16,14,675.8874
WT16,15,940.62225
WT16,16,1216.7114
WT16,17,600.1539
WT16,18,502.27637
WT16,19,610.1542
WT16,20,1004.76843
WT16,21,814.07025
WT16,22,1597.4961
WT16,23,1636.3193
WT16,24,2133.8093
WT16,25,2491.681
WT16,26,3500.0417
WT16,27,3779.2708
WT16,28,5342.553
WT16,29,7340.731
WT16,30,7205.519
WT16,31,6223.728
WT16,32,7737.3794
WT16,33,6819.7417
WT16,34,6529.4
WT16,35,4830.2607
WT16,36,5910.343
WT16,37,5234.122
WT16,38,6227.075
WT16,39,5254.1934
WT16,40,4112.211
WT16,41,3391.7834
WT16,42,1975.5774
WT16,43,1234.5004
WT16,44,758.95483
WT16,45,950.25323
WT16,46,607.40204
WT16,47,571.0146
WT16,48,580.882
WT16,49,978.6457
WT16,50,826.8384
WT16,51,970.54346
WT16,52,778.7289
WT16,53,1017.1649
WT16,54,1234.1519
WT16,55,1339.9694
WT16,56,1173.4808
WT16,57,764.42584
WT16,58,405.65543
WT16,59,172.02945
WT16,60,194.84682
WT16,61,270.90182
WT16,62,291.06067
WT16,63,405.81885
WT16,64,220.75027
WT16,65,184.74492
WT16,66,250.24655
WT16,67,272.7815
WT16,68,321.34744
WT16,69,439.2432
WT16,70,459.50027
WT16,71,469.9306
WT16,72,581.15594
WT16,73,1032.3024
WT16,74,964.89966
WT16,75,1965.1204
WT16,76,4014.0916
WT16,77,5491.096
WT16,78,6610.6665
WT16,79,9193.976
WT16,80,10616.094
WT16,81,11404.043
WT16,82,11038.92
WT16,83,9651.709
WT16,84,9170.657
WT16,85,10430.403
WT16,86,13252.671
WT16,87,14806.387
WT16,88,12657.765
WT16,89,9878.631
WT16,90,8492.478
WT16,91,9049.376
WT16,92,10082.904
WT16,93,10401.913
WT16,94,11259.223
WT16,95,12594.77
WT16,96,7740.1123
WT16,97,377.17465
WT16,98,1070.2297
WT16,99,11208.109
WT16,100,17908.904
WT16,101,18117.207
WT16,102,18055.393
WT16,103,15900.383
WT16,104,12003.434
WT16,105,10198.065
WT16,106,10731.082
WT16,107,12012.185
WT16,108,12939.954
WT16,109,12334.508
WT16,110,11030.554
WT16,111,9749.272
WT16,112,8696.493
WT16,113,7660.879
WT16,114,6801.544
WT16,115,6097.205
WT16,116,5606.525
WT16,117,5029.7373
WT16,118,4634.3667
WT16,119,4328.2783
WT16,120,4140.4805
WT16,121,3302.8125
WT16,122,2655.3
WT16,123,2201.1228
WT16,124,2113.7727
WT16,125,2245.6462
WT16,126,2535.688
WT16,127,2645.4
WT16,128,2787.6794
WT16,129,2867.413
WT16,130,3081.1147
WT16,131,3270.014
WT16,132,3446.7405
WT16,133,3286.9143
WT16,134,2961.4536
WT16,135,2688.3271
WT16,136,2529.2966
WT16,137,2356.866
WT16,138,2139.9875
WT16,139,1917.1412
WT16,140,1793.6353
WT16,141,1644.8634
WT16,142,1407.6533
WT16,143,1132.9343
WT16,144,931.0847
WT16,145,850.4654
WT16,146,828.04926
WT16,147,817.98346
WT16,148,828.8177
WT16,149,834.3319
WT16,150,850.6921
WT16,151,857.66626
WT16,152,832.0283
WT16,153,701.1065
WT16,154,456.0362
WT16,155,233.92062
WT16,156,141.9846
WT16,157,107.22151
WT16,158,113.64947
WT16,159,122.21174
WT16,160,161.81375
WT16,161,227.75021
WT16,162,249.53633
WT16,163,197.08945
WT16,164,122.85485
WT16,165,55.26617
WT16,166,15.2639065
WT16,167,0.7598064
WT17,0,238.917
WT17,1,290.27643
WT17,2,263.28802
WT17,3,15.719017
WT17,4,9.131247
WT17,5,163.68428
WT17,6,224.41226
WT17,7,186.84567
WT17,8,184.13644
WT17,9,157.66075
WT17,10,164.59238
WT17,11,173.36977
WT17,12,904.35187
WT17,13,165.09425
WT17,14,675.8874
WT17,15,940.62225
WT17,16,1216.7114
WT17,17,600.1539
WT17,18,502.27637
WT17,19,610.1542
WT17,20,1004.76843
WT17,21,814.07025
WT17,22,1597.4961
WT17,23,1636.3193
WT17,24,2133.8093
WT17,25,2491.681
WT17,26,3500.0417
WT17,27,3779.2708
WT17,28,5342.553
WT17,29,7340.731
WT17,30,7205.519
WT17,31,6223.728
WT17,32,7737.3794
WT17,33,6819.7417
WT17,34,6529.4
WT17,35,4830.2607
WT17,36,5910.343
WT17,37,5234.122
WT17,38,6227.075
WT17,39,5254.1934
WT17,40,4112.211
WT17,41,3391.7834
WT17,42,1975.5774
WT17,43,1234.5004
WT17,44,758.95483
WT17,45,950.25323
WT17,46,607.40204
WT17,47,571.0146
WT17,48,580.882
WT17,49,978.6457
WT17,50,826.8384
WT17,51,970.54346
WT17,52,778.7289
WT17,53,1017.1649
WT17,54,1234.1519
WT17,55,1339.9694
WT17,56,1173.4808
WT17,57,764.42584
WT17,58,405.65543
WT17,59,172.02945
WT17,60,194.84682
WT17,61,270.90182
WT17,62,291.06067
WT17,63,405.81885
WT17,64,220.75027
WT17,65,184.74492
WT17,66,250.24655
WT17,67,272.7815
WT17,68,321.34744
WT17,69,439.2432
WT17,70,459.50027
WT17,71,469.9306
WT17,72,581.15594
WT17,73,1032.3024
WT17,74,964.89966
WT17,75,1965.1204
WT17,76,4014.0916
WT17,77,5491.096
WT17,78,6610.6665
WT17,79,9193.976
WT17,80,10616.094
WT17,81,11404.043
WT17,82,11038.92
WT17,83,9651.709
WT17,84,9170.657
WT17,85,10430.403
WT17,86,13252.671
WT17,87,14806.387
WT17,88,12657.765
WT17,89,9878.631
WT17,90,8492.478
WT17,91,9049.376
WT17,92,10082.904
WT17,93,10401.913
WT17,94,11259.223
WT17,95,12594.77
WT17,96,7740.1123
WT17,97,377.17465
WT17,98,1070.2297
WT17,99,11208.109
WT17,100,17908.904
WT17,101,18117.207
WT17,102,18055.393
WT17,103,15900.383
WT17,104,12003.434
WT17,105,10198.065
WT17,106,10731.082
WT17,107,12012.185
WT17,108,12939.954
WT17,109,12334.508
WT17,110,11030.554
WT17,111,9749.272
WT17,112,8696.493
WT17,113,7660.879
WT17,114,6801.544
WT17,115,6097.205
WT17,116,5606.525
WT17,117,5029.7373
WT17,118,4634.3667
WT17,119,4328.2783
WT17,120,4140.4805
WT17,121,3302.8125
WT17,122,2655.3
WT17,123,2201.1228
WT17,124,2113.7727
WT17,125,2245.6462
WT17,126,2535.688
WT17,127,2645.4
WT17,128,2787.6794
WT17,129,2867.413
WT17,130,3081.1147
WT17,131,3270.014
WT17,132,3446.7405
WT17,133,3286.9143
WT17,134,2961.4536
WT17,135,2688.3271
WT17,136,2529.2966
WT17,137,2356.866
WT17,138,2139.9875
WT17,139,1917.1412
WT17,140,1793.6353
WT17,141,1644.8634
WT17,142,1407.6533
WT17,143,1132.9343
WT17,144,931.0847
WT17,145,850.4654
WT17,146,828.04926
WT17,147,817.98346
WT17,148,828.8177
WT17,149,834.3319
WT17,150,850.6921
WT17,151,857.66626
WT17,152,832.0283
WT17,153,701.1065
WT17,154,456.0362
WT17,155,233.92062
WT17,156,141.9846
WT17,157,107.22151
WT17,158,113.64947
WT17,159,122.21174
WT17,160,161.81375
WT17,161,227.75021
WT17,162,249.53633
WT17,163,197.08945
WT17,164,122.85485
WT17,165,55.26617
WT17,166,15.2639065
WT17,167,0.7598064
WT18,0,238.917
WT18,1,290.27643
WT18,2,263.28802
WT18,3,15.719017
WT18,4,9.131247
WT18,5,163.68428
WT18,6,224.41226
WT18,7,186.84567
WT18,8,184.13644
WT18,9,157.66075
WT18,10,164.59238
WT18,11,173.36977
WT18,12,904.35187
WT18,13,165.09425
WT18,14,675.8874
WT18,15,940.62225
WT18,16,1216.7114
WT18,17,600.1539
WT18,18,502.27637
WT18,19,610.1542
WT18,20,1004.76843
WT18,21,814.07025
WT18,22,1597.4961
WT18,23,1636.3193
WT18,24,2133.8093
WT18,25,2491.681
WT18,26,3500.0417
WT18,27,3779.2708
WT18,28,5342.553
WT18,29,7340.731
WT18,30,7205.519
WT18,31,6223.728
WT18,32,7737.3794
WT18,33,6819.7417
WT18,34,6529.4
WT18,35,4830.2607
WT18,36,5910.343
WT18,37,5234.122
WT18,38,6227.075
WT18,39,5254.1934
WT18,40,4112.211
WT18,41,3391.7834
WT18,42,1975.5774
WT18,43,1234.5004
WT18,44,758.95483
WT18,45,950.25323
WT18,46,607.40204
WT18,47,571.0146
WT18,48,580.882
WT18,49,978.6457
WT18,50,826.8384
WT18,51,970.54346
WT18,52,778.7289
WT18,53,1017.1649
WT18,54,1234.1519
WT18,55,1339.9694
WT18,56,1173.4808
WT18,57,764.42584
WT18,58,405.65543
WT18,59,172.02945
WT18,60,194.84682
WT18,61,270.90182
WT18,62,291.06067
WT18,63,405.81885
WT18,64,220.75027
WT18,65,184.74492
WT18,66,250.24655
WT18,67,272.7815
WT18,68,321.34744
WT18,69,439.2432
WT18,70,459.50027
WT18,71,469.9306
WT18,72,581.15594
WT18,73,1032.3024
WT18,74,964.89966
WT18,75,1965.1204
WT18,76,4014.0916
WT18,77,5491.096
WT18,78,6610.6665
WT18,79,9193.976
WT18,80,10616.094
WT18,81,11404.043
WT18,82,11038.92
WT18,83,9651.709
WT18,84,9170.657
WT18,85,10430.403
WT18,86,13252.671
WT18,87,14806.387
WT18,88,12657.765
WT18,89,9878.631
WT18,90,8492.478
WT18,91,9049.376
WT18,92,10082.904
WT18,93,10401.913
WT18,94,11259.223
WT18,95,12594.77
WT18,96,7740.1123
WT18,97,377.17465
WT18,98,1070.2297
WT18,99,11208.109
WT18,100,17908.904
WT18,101,18117.207
WT18,102,18055.393
WT18,103,15900.383
WT18,104,12003.434
WT18,105,10198.065
WT18,106,10731.082
WT18,107,12012.185
WT18,108,12939.954
WT18,109,12334.508
WT18,110,11030.554
WT18,111,9749.272
WT18,112,8696.493
WT18,113,7660.879
WT18,114,6801.544
WT18,115,6097.205
WT18,116,5606.525
WT18,117,5029.7373
WT18,118,4634.3667
WT18,119,4328.2783
WT18,120,4140.4805
WT18,121,3302.8125
WT18,122,2655.3
WT18,123,2201.1228
WT18,124,2113.7727
WT18,125,2245.6462
WT18,126,2535.688
WT18,127,2645.4
WT18,128,2787.6794
WT18,129,2867.413
WT18,130,3081.1147
WT18,131,3270.014
WT18,132,3446.7405
WT18,133,3286.9143
WT18,134,2961.4536
WT18,135,2688.3271
WT18,136,2529.2966
WT18,137,2356.866
WT18,138,2139.9875
WT18,139,1917.1412
WT18,140,1793.6353
WT18,141,1644.8634
WT18,142,1407.6533
WT18,143,1132.9343
WT18,144,931.0847
WT18,145,850.4654
WT18,146,828.04926
WT18,147,817.98346
WT18,148,828.8177
WT18,149,834.3319
WT18,150,850.6921
WT18,151,857.66626
WT18,152,832.0283
WT18,153,701.1065
WT18,154,456.0362
WT18,155,233.92062
WT18,156,141.9846
WT18,157,107.22151
WT18,158,113.64947
WT18,159,122.21174
WT18,160,161.81375
WT18,161,227.75021
WT18,162,249.53633
WT18,163,197.08945
WT18,164,122.85485
WT18,165,55.26617
WT18,166,15.2639065
WT18,167,0.7598064
WT19,0,238.917
WT19,1,290.27643
WT19,2,263.28802
WT19,3,15.719017
WT19,4,9.131247
WT19,5,163.68428
WT19,6,224.41226
WT19,7,186.84567
WT19,8,184.13644
WT19,9,157.66075
WT19,10,164.59238
WT19,11,173.36977
WT19,12,904.35187
WT19,13,165.09425
WT19,14,675.8874
WT19,15,940.62225
WT19,16,1216.7114
WT19,17,600.1539
WT19,18,502.27637
WT19,19,610.1542
WT19,20,1004.76843
WT19,21,814.07025
WT19,22,1597.4961
WT19,23,1636.3193
WT19,24,2133.8093
WT19,25,2491.681
WT19,26,3500.0417
WT19,27,3779.2708
WT19,28,5342.553
WT19,29,7340.731
WT19,30,7205.519
WT19,31,6223.728
WT19,32,7737.3794
WT19,33,6819.7417
WT19,34,6529.4
WT19,35,4830.2607
WT19,36,5910.343
WT19,37,5234.122
WT19,38,6227.075
WT19,39,5254.1934
WT19,40,4112.211
WT19,41,3391.7834
WT19,42,1975.5774
WT19,43,1234.5004
WT19,44,758.95483
WT19,45,950.25323
WT19,46,607.40204
WT19,47,571.0146
WT19,48,580.882
WT19,49,978.6457
WT19,50,826.8384
WT19,51,970.54346
WT19,52,778.7289
WT19,53,1017.1649
WT19,54,1234.1519
WT19,55,1339.9694
WT19,56,1173.4808
WT19,57,764.42584
WT19,58,405.65543
WT19,59,172.02945
WT19,60,194.84682
WT19,61,270.90182
WT19,62,291.06067
WT19,63,405.81885
WT19,64,220.75027
WT19,65,184.74492
WT19,66,250.24655
WT19,67,272.7815
WT19,68,321.34744
WT19,69,439.2432
WT19,70,459.50027
WT19,71,469.9306
WT19,72,581.15594
WT19,73,1032.3024
WT19,74,964.89966
WT19,75,1965.1204
WT19,76,4014.0916
WT19,77,5491.096
WT19,78,6610.6665
WT19,79,9193.976
WT19,80,10616.094
WT19,81,11404.043
WT19,82,11038.92
WT19,83,9651.709
WT19,84,9170.657
WT19,85,10430.403
WT19,86,13252.671
WT19,87,14806.387
WT19,88,12657.765
WT19,89,9878.631
WT19,90,8492.478
WT19,91,9049.376
WT19,92,10082.904
WT19,93,10401.913
WT19,94,11259.223
WT19,95,12594.77
WT19,96,7740.1123
WT19,97,377.17465
WT19,98,1070.2297
WT19,99,11208.109
WT19,100,17908.904
WT19,101,18117.207
WT19,102,18055.393
WT19,103,15900.383
WT19,104,12003.434
WT19,105,10198.065
WT19,106,10731.082
WT19,107,12012.185
WT19,108,12939.954
WT19,109,12334.508
WT19,110,11030.554
WT19,111,9749.272
WT19,112,8696.493
WT19,113,7660.879
WT19,114,6801.544
WT19,115,6097.205
WT19,116,5606.525
WT19,117,5029.7373
WT19,118,4634.3667
WT19,119,4328.2783
WT19,120,4140.4805
WT19,121,3302.8125
WT19,122,2655.3
WT19,123,2201.1228
WT19,124,2113.7727
WT19,125,2245.6462
WT19,126,2535.688
WT19,127,2645.4
WT19,128,2787.6794
WT19,129,2867.413
WT19,130,3081.1147
WT19,131,3270.014
WT19,132,3446.7405
WT19,133,3286.9143
WT19,134,2961.4536
WT19,135,2688.3271
WT19,136,2529.2966
WT19,137,2356.866
WT19,138,2139.9875
WT19,139,1917.1412
WT19,140,1793.6353
WT19,141,1644.8634
WT19,142,1407.6533
WT19,143,1132.9343
WT19,144,931.0847
WT19,145,850.4654
WT19,146,828.04926
WT19,147,817.98346
WT19,148,828.8177
WT19,149,834.3319
WT19,150,850.6921
WT19,151,857.66626
WT19,152,832.0283
WT19,153,701.1065
WT19,154,456.0362
WT19,155,233.92062
WT19,156,141.9846
WT19,157,107.22151
WT19,158,113.64947
WT19,159,122.21174
WT19,160,161.81375
WT19,161,227.75021
WT19,162,249.53633
WT19,163,197.08945
WT19,164,122.85485
WT19,165,55.26617
WT19,166,15.2639065
WT19,167,0.7598064
WT20,0,238.917
WT20,1,290.27643
WT20,2,263.28802
WT20,3,15.719017
WT20,4,9.131247
WT20,5,163.68428
WT20,6,224.41226
WT20,7,186.84567
WT20,8,184.13644
WT20,9,157.66075
WT20,10,164.59238
WT20,11,173.36977
WT20,12,904.35187
WT20,13,165.09425
WT20,14,675.8874
WT20,15,940.62225
WT20,16,1216.7114
WT20,17,600.1539
WT20,18,502.27637
WT20,19,610.1542
WT20,20,1004.76843
WT20,21,814.07025
WT20,22,1597.4961
WT20,23,1636.3193
WT20,24,2133.8093
WT20,25,2491.681
WT20,26,3500.0417
WT20,27,3779.2708
WT20,28,5342.553
WT20,29,7340.731
WT20,30,7205.519
WT20,31,6223.728
WT20,32,7737.3794
WT20,33,6819.7417
WT20,34,6529.4
WT20,35,4830.2607
WT20,36,5910.343
WT20,37,5234.122
WT20,38,6227.075
WT20,39,5254.1934
WT20,40,4112.211
WT20,41,3391.7834
WT20,42,1975.5774
WT20,43,1234.5004
WT20,44,758.95483
WT20,45,950.25323
WT20,46,607.40204
WT20,47,571.0146
WT20,48,580.882
WT20,49,978.6457
WT20,50,826.8384
WT20,51,970.54346
WT20,52,778.7289
WT20,53,1017.1649
WT20,54,1234.1519
WT20,55,1339.9694
WT20,56,1173.4808
WT20,57,764.42584
WT20,58,405.65543
WT20,59,172.02945
WT20,60,194.84682
WT20,61,270.90182
WT20,62,291.06067
WT20,63,405.81885
WT20,64,220.75027
WT20,65,184.74492
WT20,66,250.24655
WT20,67,272.7815
WT20,68,321.34744
WT20,69,439.2432
WT20,70,459.50027
WT20,71,469.9306
WT20,72,581.15594
WT20,73,1032.3024
WT20,74,964.89966
WT20,75,1965.1204
WT20,76,4014.0916
WT20,77,5491.096
WT20,78,6610.6665
WT20,79,9193.976
WT20,80,10616.094
WT20,81,11404.043
WT20,82,11038.92
WT20,83,9651.709
WT20,84,9170.657
WT20,85,10430.403
WT20,86,13252.671
WT20,87,14806.387
WT20,88,12657.765
WT20,89,9878.631
WT20,90,8492.478
WT20,91,9049.376
WT20,92,10082.904
WT20,93,10401.913
WT20,94,11259.223
WT20,95,12594.77
WT20,96,7740.1123
WT20,97,377.17465
WT20,98,1070.2297
WT20,99,11208.109
WT20,100,17908.904
WT20,101,18117.207
WT20,102,18055.393
WT20,103,15900.383
WT20,104,12003.434
WT20,105,10198.065
WT20,106,10731.082
WT20,107,12012.185
WT20,108,12939.954
WT20,109,12334.508
WT20,110,11030.554
WT20,111,9749.272
WT20,112,8696.493
WT20,113,7660.879
WT20,114,6801.544
WT20,115,6097.205
WT20,116,5606.525
WT20,117,5029.7373
WT20,118,4634.3667
WT20,119,4328.2783
WT20,120,4140.4805
WT20,121,3302.8125
WT20,122,2655.3
WT20,123,2201.1228
WT20,124,2113.7727
WT20,125,2245.6462
WT20,126,2535.688
WT20,127,2645.4
WT20,128,2787.6794
WT20,129,2867.413
WT20,130,3081.1147
WT20,131,3270.014
WT20,132,3446.7405
WT20,133,3286.9143
WT20,134,2961.4536
WT20,135,2688.3271
WT20,136,2529.2966
WT20,137,2356.866
WT20,138,2139.9875
WT20,139,1917.1412
WT20,140,1793.6353
WT20,141,1644.8634
WT20,142,1407.6533
WT20,143,1132.9343
WT20,144,931.0847
WT20,145,850.4654
WT20,146,828.04926
WT20,147,817.98346
WT20,148,828.8177
WT20,149,834.3319
WT20,150,850.6921
WT20,151,857.66626
WT20,152,832.0283
WT20,153,701.1065
WT20,154,456.0362
WT20,155,233.92062
WT20,156,141.9846
WT20,157,107.22151
WT20,158,113.64947
WT20,159,122.21174
WT20,160,161.81375
WT20,161,227.75021
WT20,162,249.53633
WT20,163,197.08945
WT20,164,122.85485
WT20,165,55.26617
WT20,166,15.2639065
WT20,167,0.7598064
WT21,0,265.36813
WT21,1,278.30264
WT21,2,240.96526
WT21,3,19.82494
WT21,4,13.57975
WT21,5,169.99966
WT21,6,248.8666
WT21,7,197.13428
WT21,8,211.06308
WT21,9,195.0388
WT21,10,124.104675
WT21,11,197.29434
WT21,12,522.1589
WT21,13,143.42671
WT21,14,649.15936
WT21,15,906.54395
WT21,16,1489.034
WT21,17,705.669
WT21,18,572.9066
WT21,19,651.4751
WT21,20,1008.63403
WT21,21,880.5421
WT21,22,1557.4025
WT21,23,2008.9114
WT21,24,2081.504
WT21,25,2491.681
WT21,26,4058.6113
WT21,27,4030.248
WT21,28,5197.3833
WT21,29,6967.085
WT21,30,7273.5244
WT21,31,6468.2637
WT21,32,7596.688
WT21,33,7297.244
WT21,34,6175.049
WT21,35,4729.3994
WT21,36,6134.15
WT21,37,5640.148
WT21,38,6117.9863
WT21,39,5692.5996
WT21,40,4067.6006
WT21,41,3575.7744
WT21,42,1998.0745
WT21,43,1327.5942
WT21,44,775.7684
WT21,45,941.4419
WT21,46,582.25287
WT21,47,521.8726
WT21,48,659.9437
WT21,49,973.04736
WT21,50,903.8002
WT21,51,1038.9812
WT21,52,778.7289
WT21,53,1017.1649
WT21,54,1234.1519
WT21,55,1339.9694
WT21,56,1173.4808
WT21,57,764.42584
WT21,58,405.65543
WT21,59,172.02945
WT21,60,194.84682
WT21,61,270.90182
WT21,62,291.06067
WT21,63,405.81885
WT21,64,220.75027
WT21,65,184.74492
WT21,66,250.24655
WT21,67,272.7815
WT21,68,321.34744
WT21,69,439.2432
WT21,70,459.50027
WT21,71,469.9306
WT21,72,581.15594
WT21,73,1032.3024
WT21,74,964.89966
WT21,75,1965.1204
WT21,76,4014.0916
WT21,77,5491.096
WT21,78,6610.6665
WT21,79,9193.976
WT21,80,10616.094
WT21,81,11404.043
WT21,82,11038.92
WT21,83,9651.709
WT21,84,9170.657
WT21,85,10430.403
WT21,86,13252.671
WT21,87,14806.387
WT21,88,12657.765
WT21,89,9878.631
WT21,90,8492.478
WT21,91,9049.376
WT21,92,10082.904
WT21,93,10401.913
WT21,94,11259.223
WT21,95,12594.77
WT21,96,7740.1123
WT21,97,377.17465
WT21,98,1070.2297
WT21,99,11208.109
WT21,100,17908.904
WT21,101,18117.207
WT21,102,18055.393
WT21,103,15900.383
WT21,104,12003.434
WT21,105,10198.065
WT21,106,10731.082
WT21,107,12012.185
WT21,108,12939.954
WT21,109,12334.508
WT21,110,11030.554
WT21,111,9749.272
WT21,112,8696.493
WT21,113,7660.879
WT21,114,6801.544
WT21,115,6097.205
WT21,116,5606.525
WT21,117,5029.7373
WT21,118,4634.3667
WT21,119,4328.2783
WT21,120,4140.4805
WT21,121,3302.8125
WT21,122,2655.3
WT21,123,2201.1228
WT21,124,2113.7727
WT21,125,2245.6462
WT21,126,2535.688
WT21,127,2645.4
WT21,128,2787.6794
WT21,129,2867.413
WT21,130,3081.1147
WT21,131,3270.014
WT21,132,3446.7405
WT21,133,3286.9143
WT21,134,2961.4536
WT21,135,2688.3271
WT21,136,2529.2966
WT21,137,2356.866
WT21,138,2139.9875
WT21,139,1917.1412
WT21,140,1793.6353
WT21,141,1644.8634
WT21,142,1407.6533
WT21,143,1132.9343
WT21,144,931.0847
WT21,145,850.4654
WT21,146,828.04926
WT21,147,817.98346
WT21,148,828.8177
WT21,149,834.3319
WT21,150,850.6921
WT21,151,857.66626
WT21,152,832.0283
WT21,153,701.1065
WT21,154,456.0362
WT21,155,233.92062
WT21,156,141.9846
WT21,157,107.22151
WT21,158,113.64947
WT21,159,122.21174
WT21,160,161.81375
WT21,161,227.75021
WT21,162,249.53633
WT21,163,197.08945
WT21,164,122.85485
WT21,165,55.26617
WT21,166,15.2639065
WT21,167,0.7598064
